{
    "input_parameters": {
        "index": 0,
        "shape_incell": "circle",
        "shape_outcell": "octagon",
        "dia_incell": 3.0,
        "thk_top": 0.02,
        "thk_mid": 0.25,
        "thk_bot": 0.0,
        "thk_wall": 0.5,
        "thk_c2s": 0.5,
        "dia_prod": 30.0,
        "thk_prod": 1.0,
        "thk_outcell": 1.0,
        "thk_wall_outcell": 0.5,
        "thk_slit": 0.5,
        "ratio_slit": 3,
        "mode_cell": false,
        "mode_slit": false,
        "ln_prod": 1000.0,
        "chamfer_deg": 0.7853981633974483,
        "chamfer_size": 0.25
    },
    "coords_incell": [
        [
            -8.75,
            -8.56217782649107
        ],
        [
            -5.25,
            -8.56217782649107
        ],
        [
            -1.75,
            -8.56217782649107
        ],
        [
            1.75,
            -8.56217782649107
        ],
        [
            5.25,
            -8.56217782649107
        ],
        [
            8.75,
            -8.56217782649107
        ],
        [
            -10.5,
            -5.531088913245535
        ],
        [
            -7.0,
            -5.531088913245535
        ],
        [
            -3.5,
            -5.531088913245535
        ],
        [
            0.0,
            -5.531088913245535
        ],
        [
            3.5,
            -5.531088913245535
        ],
        [
            7.0,
            -5.531088913245535
        ],
        [
            10.5,
            -5.531088913245535
        ],
        [
            -8.75,
            -2.5
        ],
        [
            -5.25,
            -2.5
        ],
        [
            -1.75,
            -2.5
        ],
        [
            1.75,
            -2.5
        ],
        [
            5.25,
            -2.5
        ],
        [
            8.75,
            -2.5
        ],
        [
            -8.75,
            2.5
        ],
        [
            -5.25,
            2.5
        ],
        [
            -1.75,
            2.5
        ],
        [
            1.75,
            2.5
        ],
        [
            5.25,
            2.5
        ],
        [
            8.75,
            2.5
        ],
        [
            -10.5,
            5.531088913245535
        ],
        [
            -7.0,
            5.531088913245535
        ],
        [
            -3.5,
            5.531088913245535
        ],
        [
            0.0,
            5.531088913245535
        ],
        [
            3.5,
            5.531088913245535
        ],
        [
            7.0,
            5.531088913245535
        ],
        [
            10.5,
            5.531088913245535
        ],
        [
            -8.75,
            8.56217782649107
        ],
        [
            -5.25,
            8.56217782649107
        ],
        [
            -1.75,
            8.56217782649107
        ],
        [
            1.75,
            8.56217782649107
        ],
        [
            5.25,
            8.56217782649107
        ],
        [
            8.75,
            8.56217782649107
        ]
    ],
    "coords_outcell": [
        [
            -10.5,
            0.0
        ],
        [
            -7.0,
            0.0
        ],
        [
            -3.5,
            0.0
        ],
        [
            0.0,
            0.0
        ],
        [
            3.5,
            0.0
        ],
        [
            7.0,
            0.0
        ],
        [
            10.5,
            0.0
        ]
    ]
}