{
    "input_parameters": {
        "index": 0,
        "shape_incell": "hexagon",
        "shape_outcell": "octagon",
        "dia_incell": 3.0,
        "thk_top": 0.02,
        "thk_mid": 0.25,
        "thk_bot": 0.0,
        "thk_wall": 0.5,
        "thk_c2s": 0.5,
        "dia_prod": 30.0,
        "thk_prod": 1.0,
        "thk_outcell": 1.0,
        "thk_wall_outcell": 0.5,
        "thk_slit": 0.5,
        "ratio_slit": 3,
        "mode_cell": false,
        "mode_slit": false,
        "ln_prod": 1000.0,
        "chamfer_deg": 0.7853981633974483,
        "chamfer_size": 0.25
    },
    "coords_incell": [
        [
            -8.75,
            -8.361215932167728
        ],
        [
            -5.25,
            -8.361215932167728
        ],
        [
            -1.75,
            -8.361215932167728
        ],
        [
            1.75,
            -8.361215932167728
        ],
        [
            5.25,
            -8.361215932167728
        ],
        [
            8.75,
            -8.361215932167728
        ],
        [
            -10.5,
            -5.330127018922193
        ],
        [
            -7.0,
            -5.330127018922193
        ],
        [
            -3.5,
            -5.330127018922193
        ],
        [
            0.0,
            -5.330127018922193
        ],
        [
            3.5,
            -5.330127018922193
        ],
        [
            7.0,
            -5.330127018922193
        ],
        [
            10.5,
            -5.330127018922193
        ],
        [
            -10.5,
            5.330127018922193
        ],
        [
            -7.0,
            5.330127018922193
        ],
        [
            -3.5,
            5.330127018922193
        ],
        [
            0.0,
            5.330127018922193
        ],
        [
            3.5,
            5.330127018922193
        ],
        [
            7.0,
            5.330127018922193
        ],
        [
            10.5,
            5.330127018922193
        ],
        [
            -8.75,
            8.361215932167728
        ],
        [
            -5.25,
            8.361215932167728
        ],
        [
            -1.75,
            8.361215932167728
        ],
        [
            1.75,
            8.361215932167728
        ],
        [
            5.25,
            8.361215932167728
        ],
        [
            8.75,
            8.361215932167728
        ],
        [
            -8.75,
            2.299038105676658
        ],
        [
            -5.25,
            2.299038105676658
        ],
        [
            -1.75,
            2.299038105676658
        ],
        [
            1.75,
            2.299038105676658
        ],
        [
            5.25,
            2.299038105676658
        ],
        [
            8.75,
            2.299038105676658
        ],
        [
            -8.75,
            -2.299038105676658
        ],
        [
            -5.25,
            -2.299038105676658
        ],
        [
            -1.75,
            -2.299038105676658
        ],
        [
            1.75,
            -2.299038105676658
        ],
        [
            5.25,
            -2.299038105676658
        ],
        [
            8.75,
            -2.299038105676658
        ]
    ],
    "coords_outcell": [
        [
            -10.5,
            0.0
        ],
        [
            -7.0,
            0.0
        ],
        [
            -3.5,
            0.0
        ],
        [
            0.0,
            0.0
        ],
        [
            3.5,
            0.0
        ],
        [
            7.0,
            0.0
        ],
        [
            10.5,
            0.0
        ]
    ]
}